O_1.jpg,"[Organic]"
O_100.jpg,"[Organic]"
O_10002.jpg,"[Organic]"
O_10013.jpg,"[Organic]"
O_10024.jpg,"[Organic]"
O_1003.jpg,"[Organic]"
O_10035.jpg,"[Organic]"
O_10046.jpg,"[Organic]"
O_10057.jpg,"[Organic]"
O_10068.jpg,"[Organic]"
O_10079.jpg,"[Organic]"
O_10090.jpg,"[Organic]"
O_10101.jpg,"[Organic]"
O_10112.jpg,"[Organic]"
O_10123.jpg,"[Organic]"
O_10134.jpg,"[Organic]"
O_1014.jpg,"[Organic]"
O_10145.jpg,"[Organic]"
O_10156.jpg,"[Organic]"
O_10167.jpg,"[Organic]"
O_10178.jpg,"[Organic]"
O_10189.jpg,"[Organic]"
O_10200.jpg,"[Organic]"
O_10211.jpg,"[Organic]"
O_10222.jpg,"[Organic]"
O_10233.jpg,"[Organic]"
O_10244.jpg,"[Organic]"
O_1025.jpg,"[Organic]"
O_10255.jpg,"[Organic]"
O_10266.jpg,"[Organic]"
O_10277.jpg,"[Organic]"
O_10288.jpg,"[Organic]"
O_10299.jpg,"[Organic]"
O_10310.jpg,"[Organic]"
O_10321.jpg,"[Organic]"
O_10332.jpg,"[Organic]"
O_10343.jpg,"[Organic]"
O_10354.jpg,"[Organic]"
O_1036.jpg,"[Organic]"
O_10365.jpg,"[Organic]"
O_10376.jpg,"[Organic]"
O_10387.jpg,"[Organic]"
O_10398.jpg,"[Organic]"
O_10409.jpg,"[Organic]"
O_10420.jpg,"[Organic]"
O_10431.jpg,"[Organic]"
O_10442.jpg,"[Organic]"
O_10453.jpg,"[Organic]"
O_10464.jpg,"[Organic]"
O_1047.jpg,"[Organic]"
O_10475.jpg,"[Organic]"
O_10486.jpg,"[Organic]"
O_10497.jpg,"[Organic]"
O_10508.jpg,"[Organic]"
O_10519.jpg,"[Organic]"
O_10530.jpg,"[Organic]"
O_10541.jpg,"[Organic]"
O_10552.jpg,"[Organic]"
O_10563.jpg,"[Organic]"
O_10574.jpg,"[Organic]"
O_1058.jpg,"[Organic]"
O_10585.jpg,"[Organic]"
O_10596.jpg,"[Organic]"
O_10607.jpg,"[Organic]"
O_10618.jpg,"[Organic]"
O_10629.jpg,"[Organic]"
O_10640.jpg,"[Organic]"
O_10651.jpg,"[Organic]"
O_10662.jpg,"[Organic]"
O_10673.jpg,"[Organic]"
O_10684.jpg,"[Organic]"
O_1069.jpg,"[Organic]"
O_10695.jpg,"[Organic]"
O_10706.jpg,"[Organic]"
O_10717.jpg,"[Organic]"
O_10728.jpg,"[Organic]"
O_10739.jpg,"[Organic]"
O_10750.jpg,"[Organic]"
O_10761.jpg,"[Organic]"
O_10772.jpg,"[Organic]"
O_10783.jpg,"[Organic]"
O_10794.jpg,"[Organic]"
O_1080.jpg,"[Organic]"
O_10805.jpg,"[Organic]"
O_10816.jpg,"[Organic]"
O_10827.jpg,"[Organic]"
O_10838.jpg,"[Organic]"
O_10849.jpg,"[Organic]"
O_10860.jpg,"[Organic]"
O_10871.jpg,"[Organic]"
O_10882.jpg,"[Organic]"
O_10893.jpg,"[Organic]"
O_10904.jpg,"[Organic]"
O_1091.jpg,"[Organic]"
O_10915.jpg,"[Organic]"
O_10926.jpg,"[Organic]"
O_10937.jpg,"[Organic]"
O_10948.jpg,"[Organic]"
O_10959.jpg,"[Organic]"
O_10970.jpg,"[Organic]"
O_10981.jpg,"[Organic]"
O_10992.jpg,"[Organic]"
O_11003.jpg,"[Organic]"
O_11014.jpg,"[Organic]"
O_1102.jpg,"[Organic]"
O_11025.jpg,"[Organic]"
O_11036.jpg,"[Organic]"
O_11047.jpg,"[Organic]"
O_11058.jpg,"[Organic]"
O_11069.jpg,"[Organic]"
O_11080.jpg,"[Organic]"
O_11091.jpg,"[Organic]"
O_111.jpg,"[Organic]"
O_11102.jpg,"[Organic]"
O_11113.jpg,"[Organic]"
O_11124.jpg,"[Organic]"
O_1113.jpg,"[Organic]"
O_11135.jpg,"[Organic]"
O_11146.jpg,"[Organic]"
O_11157.jpg,"[Organic]"
O_11168.jpg,"[Organic]"
O_11179.jpg,"[Organic]"
O_11190.jpg,"[Organic]"
O_11201.jpg,"[Organic]"
O_11212.jpg,"[Organic]"
O_11223.jpg,"[Organic]"
O_11234.jpg,"[Organic]"
O_1124.jpg,"[Organic]"
O_11245.jpg,"[Organic]"
O_11256.jpg,"[Organic]"
O_11267.jpg,"[Organic]"
O_11278.jpg,"[Organic]"
O_11289.jpg,"[Organic]"
O_11300.jpg,"[Organic]"
O_11311.jpg,"[Organic]"
O_11322.jpg,"[Organic]"
O_11333.jpg,"[Organic]"
O_11344.jpg,"[Organic]"
O_1135.jpg,"[Organic]"
O_11355.jpg,"[Organic]"
O_1146.jpg,"[Organic]"
O_1157.jpg,"[Organic]"
O_1168.jpg,"[Organic]"
O_1179.jpg,"[Organic]"
O_1190.jpg,"[Organic]"
O_12.jpg,"[Organic]"
O_1201.jpg,"[Organic]"
O_1212.jpg,"[Organic]"
O_122.jpg,"[Organic]"
O_1223.jpg,"[Organic]"
O_1234.jpg,"[Organic]"
O_1245.jpg,"[Organic]"
O_1256.jpg,"[Organic]"
O_1267.jpg,"[Organic]"
O_1278.jpg,"[Organic]"
O_1289.jpg,"[Organic]"
O_1300.jpg,"[Organic]"
O_1311.jpg,"[Organic]"
O_1322.jpg,"[Organic]"
O_133.jpg,"[Organic]"
O_1333.jpg,"[Organic]"
O_1344.jpg,"[Organic]"
O_1355.jpg,"[Organic]"
O_1366.jpg,"[Organic]"
O_1377.jpg,"[Organic]"
O_1388.jpg,"[Organic]"
O_1399.jpg,"[Organic]"
O_1410.jpg,"[Organic]"
O_1421.jpg,"[Organic]"
O_1432.jpg,"[Organic]"
O_144.jpg,"[Organic]"